interactions-linked,mapped,mapped_to_interaction_type_label,values_count,mapped_to_interaction_type_id,name,description,users_count,id,uuid,interactions-s-afr,provided_interaction_type_label,allowed_values,provided_interaction_type_id
true,visits flowers of,,26772,,Visiting a flower of: (Interaction),"pollinating, thieving or eating flowers but associated with pollination.   (please add the url for the other observation)",26772,7459,02ece9bd-0bfb-4a73-a8f8-d68a1f7bcb47,true,,,
true,,,25236,,Passive Partner to: (Interaction),For the recording of passive partners.  This was added at request of site curators.,25236,8846,f2d3ae51-f806-471a-a5b5-99c6875906b0,true,,,
true,eats,,15137,,Eating: (Interaction),"eating, consuming, drinking, sucking  - (please add the url for the other observation)",15137,7460,910041db-d8fb-40e5-ae49-d97f4f04e1d0,true,,,
true,interacts with,,13158,,Associated with: (Interaction),Many behaviours like mobbing or chasing or interaction (please add the url for the other observation),13158,7464,977639e7-b24e-459a-b78d-d323760a6c8b,true,,,
true,parasite of,,6788,,Parasitizing: (Interaction),"Any parasitic relationship - usually parasites ""steal and leave"" rather than ""eat and kill""  (please add the url for the other observation)",6788,7461,4848a105-e8d0-404d-b4d5-deb157f5919b,true,,,
true,interacts with,,3345,,Attached to: (Interaction),Attached in any way - including hitchhikers and freeloaders  (please add the url for the other observation),3345,7463,6d34f5b9-2a69-40da-bebd-6e5ff7e204d0,true,,,
true,interacts with,,1665,,Carrying: (Interaction),"Carrying, dragging or moving - active only please : if passively transported rather using attached to (please add the url for the other observation)",1665,7462,3376fcd8-f119-4777-ba9e-8116bf5d3579,true,,,
,,interacts with,415003,http://purl.obolibrary.org/obo/RO_0002437,Host Plant ID,Host of a herbivore or parasite species,415003,6586,43e68301-4944-48d6-b9a0-013f822621c0,,Host Plant ID,,https://www.inaturalist.org/observation_fields/6586
,visits flowers of,eats,194030,http://purl.obolibrary.org/obo/RO_0002470,Nectar / Pollen delivering plant,Flowering plant being visited,194030,4935,81b5b3ad-ce61-4183-b256-9683680e2a76,,Nectar / Pollen delivering plant,,https://www.inaturalist.org/observation_fields/4935
,,visits,182035,http://purl.obolibrary.org/obo/RO_0002618,Name of Associated Plant,"For animals that were observed interacting with a plant, please list the plant species (or the most accurate taxa possible) below.",182035,7807,4f77d481-399b-4f97-8b33-2947f1bac73c,,Name of Associated Plant,,https://www.inaturalist.org/observation_fields/7807
,,interacts with,151635,http://purl.obolibrary.org/obo/RO_0002437,Associated species with names lookup,"You can also add one of the many ""interaction: "" fields to describe exactly how your species were associated.",151635,1711,cf57655f-5008-4df4-a70e-24f1a1431433,,Associated species with names lookup,,https://www.inaturalist.org/observation_fields/1711
,,has host,138659,http://purl.obolibrary.org/obo/RO_0002454,Host,Species that is hosting this parasite or mutual/commensal symbiont. Example: tree on which a gall is growing.,138659,47,ef80403b-e4f3-4ac4-9e66-6a633e55bf8d,,Host,,https://www.inaturalist.org/observation_fields/47
,,interacts with,100787,http://purl.obolibrary.org/obo/RO_0002437,Host plant,Host of a herbivore or parasite species,100787,254,4b82af6d-e3e3-4b95-8041-88c1222eaf3b,,Host plant,,https://www.inaturalist.org/observation_fields/254
,eats,eats,41624,http://purl.obolibrary.org/obo/RO_0002470,Eating,Taxon the observed taxon was feeding on. This includes organisms entirely consuming other organisms as well as organisms feeding on parts of other organisms.,41624,13,9e4a3c05-e784-4bd2-af8a-c69acaf5109e,,Eating,,https://www.inaturalist.org/observation_fields/13
,eats,eats,31694,http://purl.obolibrary.org/obo/RO_0002470,Feeding on,Which species is the observed species feeding on?,31694,1685,25563dc5-48a5-4019-b7b6-ec29c9f2aa1e,,Feeding on,,https://www.inaturalist.org/observation_fields/1685
,,interacts with,26047,http://purl.obolibrary.org/obo/RO_0002437,Insect Host Plant,Plant on which eggs were deposited/larva feeding.,26047,499,104f5c0a-745e-4702-b061-f8c37c90a9e8,,Insect Host Plant,,https://www.inaturalist.org/observation_fields/499
,,interacts with,19242,http://purl.obolibrary.org/obo/RO_0002437,Perching on,"name of species main observation is standing on, perching on, near, etc",19242,115,b4bba02b-d332-488d-852b-677a1b3b1d07,,Perching on,,https://www.inaturalist.org/observation_fields/115
,,interacts with,15134,http://purl.obolibrary.org/obo/RO_0002437,Forms gall on,The host plant of a gall-forming organism,15134,877,7253a345-a6ef-4376-a345-1e992d69cdc0,,Forms gall on,,https://www.inaturalist.org/observation_fields/877
,visits flowers of,visits flowers of,12843,http://purl.obolibrary.org/obo/RO_0002622,pollinates,What species of plant was being pollinated/visited?,12843,33,12d0dea5-fd82-4f51-80ea-519043398885,,pollinates,,https://www.inaturalist.org/observation_fields/33
,,interacts with,12664,http://purl.obolibrary.org/obo/RO_0002437,Associated With,What species were associated with this organism/group of organisms?,12664,2682,a81c8eca-7183-45f0-827f-5124ec97cb19,,Associated With,,https://www.inaturalist.org/observation_fields/2682
,,interacts with,12256,http://purl.obolibrary.org/obo/RO_0002437,Plant association,,12256,10524,be40f758-8311-4934-99f6-52e08044e88a,,Plant association,,https://www.inaturalist.org/observation_fields/10524
,,interacts with,11541,http://purl.obolibrary.org/obo/RO_0002437,Plant that the organism was found on,Plant that the associated non-plant organism was found on,11541,7623,a64de1fd-3707-460d-b509-7aa4bf4da315,,Plant that the organism was found on,,https://www.inaturalist.org/observation_fields/7623
,eats,preys on,10640,http://purl.obolibrary.org/obo/RO_0002439,Preying on,Predation,10640,7026,78b69471-c089-41ad-9b3a-6d98aa349a53,,Preying on,,https://www.inaturalist.org/observation_fields/7026
,eats,eats,9011,http://purl.obolibrary.org/obo/RO_0002470,互動關係->什麼生物吃這植物的果實/種子？,請輸入您所看到的生物名稱,9011,8548,0a6bd529-9cce-4818-bf30-34f656fe9baa,,互動關係->什麼生物吃這植物的果實/種子？,,https://www.inaturalist.org/observation_fields/8548
,,interacts with,8735,http://purl.obolibrary.org/obo/RO_0002437,on,,8735,5267,1c90242a-5edb-4cba-aa80-999a536ff83f,,on,,https://www.inaturalist.org/observation_fields/5267
,,preyed on by,8108,http://purl.obolibrary.org/obo/RO_0002458,Predator taxon,Taxon (to lowest level) of predator when prey is the observation,8108,8587,676560a9-2c8a-456c-8e08-8e615e74bded,,Predator taxon,,https://www.inaturalist.org/observation_fields/8587
,,interacts with,8096,http://purl.obolibrary.org/obo/RO_0002437,Associated Mammal,"The mammal species that the observed species is interacting with. Identify to species level if possible, but not subspecies level.",8096,16151,ca043612-665c-4571-8d5e-39828acb1d4f,,Associated Mammal,,https://www.inaturalist.org/observation_fields/16151
,,interacts with,6728,http://purl.obolibrary.org/obo/RO_0002437,Associated Pollinator,The identity of the additional pollinator present on the host flower.,6728,11364,1caf63c4-02e1-49c7-9759-71c7137759a5,,Associated Pollinator,,https://www.inaturalist.org/observation_fields/11364
,eats,preys on,6180,http://purl.obolibrary.org/obo/RO_0002439,Predating,,6180,3011,bf3e8717-8eb4-4320-8f4e-fa5d2135378f,,Predating,,https://www.inaturalist.org/observation_fields/3011
,,eaten by,5721,http://purl.obolibrary.org/obo/RO_0002471,Eaten by,Specify the taxon that was feeding on the observed taxon.,5721,879,02539d58-f07c-4bde-b278-ec5d774365c8,,Eaten by,,https://www.inaturalist.org/observation_fields/879
,parasite of,parasite of,4842,http://purl.obolibrary.org/obo/RO_0002444,Parasite Host,What was the host of the parasite?,4842,3829,07a7c49b-a421-45a7-8cef-a8f5287da2e3,,Parasite Host,,https://www.inaturalist.org/observation_fields/3829
,,interacts with,4623,http://purl.obolibrary.org/obo/RO_0002437,Other Organism,What organism is interacting with the main organism in this observation?,4623,8581,a3a18da2-32f8-4de0-b422-34f82b4673d2,,Other Organism,,https://www.inaturalist.org/observation_fields/8581
,,flowers visited by,4383,http://purl.obolibrary.org/obo/RO_0002623,互動關係->被什麼生物訪花？,請輸入您所看到的生物名稱,4383,8547,22db7110-0c59-4024-ba53-4c5c4caca0ab,,互動關係->被什麼生物訪花？,,https://www.inaturalist.org/observation_fields/8547
,visits flowers of,visits flowers of,4038,http://purl.obolibrary.org/obo/RO_0002622,Nectar  Plant,,4038,11442,a53a147f-04ee-40b4-b3c5-100a3d9f510c,,Nectar  Plant,,https://www.inaturalist.org/observation_fields/11442
,,interacts with,3420,http://purl.obolibrary.org/obo/RO_0002437,Epiphytic on,Growing as an epiphyte on another species,3420,2793,3cc861d7-a713-40e7-b3f1-ffe53417e9f9,,Epiphytic on,,https://www.inaturalist.org/observation_fields/2793
,,has parasite,3275,http://purl.obolibrary.org/obo/RO_0002445,Being parasitized by,,3275,3041,21e09742-69ca-4796-b6e4-31ae3c96d6e3,,Being parasitized by,,https://www.inaturalist.org/observation_fields/3041
,,interacts with,2629,http://purl.obolibrary.org/obo/RO_0002437,Second Interaction Species,ID of the second interactee,2629,8458,c33e759c-4241-483d-afc0-2b347dbb2aa4,,Second Interaction Species,,https://www.inaturalist.org/observation_fields/8458
,eats,preys on,2393,http://purl.obolibrary.org/obo/RO_0002439,Depredando,La presa que aparece en la fotografía,2393,2976,88aff529-28aa-4b6c-9800-835a816c3ac6,,Depredando,,https://www.inaturalist.org/observation_fields/2976
,,symbiont of,2348,http://purl.obolibrary.org/obo/RO_0002440,Putative Mycorrhizal Partner,Associated plant/tree species with mycorrhizal fungi,2348,4963,ddd92568-4617-40d9-a44f-f9fa564d87c2,,Putative Mycorrhizal Partner,,https://www.inaturalist.org/observation_fields/4963
,,interacts with,2261,http://purl.obolibrary.org/obo/RO_0002437,specified substrate of fungus,specific substrates fungi are growing in/on,2261,2403,f70a9db9-0c2a-4945-a139-28303493d450,,specified substrate of fungus,,https://www.inaturalist.org/observation_fields/2403
,,has host,1933,http://purl.obolibrary.org/obo/RO_0002454,host species with names lookup,for parasitic or saprobic species,1933,2028,96dd09b6-522f-4982-b97c-34d499671651,,host species with names lookup,,https://www.inaturalist.org/observation_fields/2028
,,host of,1838,http://purl.obolibrary.org/obo/RO_0002453,Is Host For,This species is a host for another organism or parasite shown in the photograph.,1838,2660,fb382ee5-33ec-406e-90da-eb945b8fc693,,Is Host For,,https://www.inaturalist.org/observation_fields/2660
,,flowers visited by,1648,http://purl.obolibrary.org/obo/RO_0002623,Flowers visited by,Flowers visited by,1648,5530,678b43a3-50af-4ea6-b62a-88883f2288b3,,Flowers visited by,,https://www.inaturalist.org/observation_fields/5530
,,is killed by,1600,http://purl.obolibrary.org/obo/RO_0002626,Associated Larder Species,What shrike species impaled this object?,1600,10110,0faf31bc-6e54-4b60-95dd-dd8804d09bd0,,Associated Larder Species,,https://www.inaturalist.org/observation_fields/10110
,eats,eats,1447,http://purl.obolibrary.org/obo/RO_0002470,互動關係->吃什麼植物的果實/種子,請輸入這個動物所吃的植物果實或種子,1447,8644,0ef115fc-edb4-48fc-b796-e4f204b38da9,,互動關係->吃什麼植物的果實/種子,,https://www.inaturalist.org/observation_fields/8644
,,flowers visited by,1348,http://purl.obolibrary.org/obo/RO_0002623,Pollinator,What pollinators have you observed,1348,5923,b7507949-9eef-4c8f-a804-c35837ca1e29,,Pollinator,,https://www.inaturalist.org/observation_fields/5923
,,interacts with,1323,http://purl.obolibrary.org/obo/RO_0002437,Gall Inducer,The organism that is inducing the gall,1323,682,206e2c66-d52b-4cfe-bf83-97219a1cd54d,,Gall Inducer,,https://www.inaturalist.org/observation_fields/682
,eats,preys on,1281,http://purl.obolibrary.org/obo/RO_0002439,Prey taxon,Taxon of prey (to lowest level) when predator is the observation,1281,8586,db3d0a02-293b-4a0d-9224-3e2ccde9c34b,,Prey taxon,,https://www.inaturalist.org/observation_fields/8586
,,interacts with,1249,http://purl.obolibrary.org/obo/RO_0002437,Host plant/substrate/nearby tree ID,"identify the associated host, whether of a pathogen, endophyte, mycorrhizal symbiont, or saprotroph",1249,9249,9a264b61-4c93-474a-b601-b6b15d894a9d,,Host plant/substrate/nearby tree ID,,https://www.inaturalist.org/observation_fields/9249
,,interacts with,1223,http://purl.obolibrary.org/obo/RO_0002437,Hermit Crab Shell,Species of the shell that carries the hermit crab,1223,6523,18b2d301-3b3b-42d5-ae4f-a59e41d2b598,,Hermit Crab Shell,,https://www.inaturalist.org/observation_fields/6523
,,interacts with,1208,http://purl.obolibrary.org/obo/RO_0002437,Other Species in Group,Any other species of animal that were associated in the same group.,1208,107,e9197703-4bab-4670-9f36-d79f81e24e20,,Other Species in Group,,https://www.inaturalist.org/observation_fields/107
,eats,eats,1086,http://purl.obolibrary.org/obo/RO_0002470,Molluscan Mycophagy Associated Species,"For observations in the Molluscan Mycophagy project, this field is to indicate the fungi presumably being eaten by the snail/slug in the observation. If it is apparent that the mollusk is eating the fungus, use the observation field Eating.",1086,10360,0c7c7d9d-53e9-41d6-a669-11619cb90645,,Molluscan Mycophagy Associated Species,,https://www.inaturalist.org/observation_fields/10360
,,has host,912,http://purl.obolibrary.org/obo/RO_0002454,幼蟲寄主,,912,8950,8ace8b4d-4242-4741-a6ce-47b992894d52,,幼蟲寄主,,https://www.inaturalist.org/observation_fields/8950
,parasite of,parasite of,875,http://purl.obolibrary.org/obo/RO_0002444,host to parasitic fungus,adding of hosts to parasitic fungi with names lookup,875,2297,9f7ed9dc-7e61-4ac7-9081-d0912f99b874,,host to parasitic fungus,,https://www.inaturalist.org/observation_fields/2297
,eats,preys on,850,http://purl.obolibrary.org/obo/RO_0002439,Prey ID,What is the organism eating?,850,3525,a9b21ae1-8c14-4af2-9611-dc232ecdee73,,Prey ID,,https://www.inaturalist.org/observation_fields/3525
,visits flowers of,visits flowers of,845,http://purl.obolibrary.org/obo/RO_0002622,Planta de alimentación del Adulto,,845,5977,06c8a7d0-36e3-4d74-8db7-46cf9c35b9e9,,Planta de alimentación del Adulto,,https://www.inaturalist.org/observation_fields/5977
,eats,eats,836,http://purl.obolibrary.org/obo/RO_0002470,Food Source,What species of plant was it eating?,836,2294,9d2c026a-2d20-453a-9a44-01c1d2612cd0,,Food Source,,https://www.inaturalist.org/observation_fields/2294
,,interacts with,775,http://purl.obolibrary.org/obo/RO_0002437,interaction->mutualism with,two organisms who benefit by interacting with each other. Please select the other organism in the partnership.,775,5206,e4f007a6-b91d-4638-99f3-af30866fb7f4,,interaction->mutualism with,,https://www.inaturalist.org/observation_fields/5206
,,interacts with,759,http://purl.obolibrary.org/obo/RO_0002437,Growing On Organism,What was the organism (e.g. lichen) growing on (e.g. tree)?,759,3844,428a109a-6441-4fef-bc4f-04ae92e40693,,Growing On Organism,,https://www.inaturalist.org/observation_fields/3844
,,preyed on by,703,http://purl.obolibrary.org/obo/RO_0002458,Observed Species Association: Predated by,,703,7478,8770467f-c29f-490d-b888-4e626bdea8f5,,Observed Species Association: Predated by,,https://www.inaturalist.org/observation_fields/7478
,visits flowers of,visits flowers of,683,http://purl.obolibrary.org/obo/RO_0002622,Polinizando,Polinizando,683,3426,e45d8145-2074-4dfc-80cb-70dd7212ce1b,,Polinizando,,https://www.inaturalist.org/observation_fields/3426
,,has parasite,682,http://purl.obolibrary.org/obo/RO_0002445,Observed Species association: Parasitized by,,682,5956,a627b893-c068-4dd3-b751-adbd954fe193,,Observed Species association: Parasitized by,,https://www.inaturalist.org/observation_fields/5956
,,interacts with,678,http://purl.obolibrary.org/obo/RO_0002437,Plant species observed,,678,2544,b4a598dc-2688-4942-9b7c-c73d35576ea5,,Plant species observed,,https://www.inaturalist.org/observation_fields/2544
,,interacts with,669,http://purl.obolibrary.org/obo/RO_0002437,Related Taxa,Was there another taxa in this observation?,669,3799,95cf3d78-cece-4888-98af-aeb4704c15e1,,Related Taxa,,https://www.inaturalist.org/observation_fields/3799
,,preyed on by,534,http://purl.obolibrary.org/obo/RO_0002458,Hunted by,,534,1542,4b329cc7-3baf-47bc-8ae3-87a0d0271c53,,Hunted by,,https://www.inaturalist.org/observation_fields/1542
,,interacts with,465,http://purl.obolibrary.org/obo/RO_0002437,Name of Associated Animal,Please use the scientific name of the animal,465,11363,621a2b43-8d67-4227-ad59-f9b7a82f25cf,,Name of Associated Animal,,https://www.inaturalist.org/observation_fields/11363
,eats,preys on,449,http://purl.obolibrary.org/obo/RO_0002439,Observed Species Association: Predating,,449,5396,55c04ffa-1bf3-48d1-80a4-d19bf635bb86,,Observed Species Association: Predating,,https://www.inaturalist.org/observation_fields/5396
,,interacts with,430,http://purl.obolibrary.org/obo/RO_0002437,Observado sobre,La especie vegetal/animal sobre la que se realizó la observación,430,3496,7b4a60d5-9ffd-431d-adcb-1c297ad7b291,,Observado sobre,,https://www.inaturalist.org/observation_fields/3496
,eats,preys on,424,http://purl.obolibrary.org/obo/RO_0002439,Hunting,,424,1543,3570d126-b64c-4392-8d61-5a328b227273,,Hunting,,https://www.inaturalist.org/observation_fields/1543
,,interacts with,397,http://purl.obolibrary.org/obo/RO_0002437,Observed Species Association: Found upon,"Use when the reason for the association (food, pollination, parasitizing etc.) is unclear.",397,4961,805b0833-1172-4276-8853-4a7f9c90f936,,Observed Species Association: Found upon,,https://www.inaturalist.org/observation_fields/4961
,visits flowers of,visits flowers of,264,http://purl.obolibrary.org/obo/RO_0002622,Especie visitada,Especie de la flor que es visitada,264,3465,61fc459a-6157-4c2c-869a-1162812b1fb9,,Especie visitada,,https://www.inaturalist.org/observation_fields/3465
,,lays eggs on,263,http://purl.obolibrary.org/obo/RO_0008507,laying egg on,host plant name for insects,263,10555,b7007103-fc06-41fe-b8b0-ce3cea87f0c3,,laying egg on,,https://www.inaturalist.org/observation_fields/10555
,,interacts with,263,http://purl.obolibrary.org/obo/RO_0002437,Basibiont,The host that the observed organism is living on/in. Leave this field blank if none are observed.,263,8451,8dccce4b-d369-4ada-8a7d-0b748b8802ba,,Basibiont,,https://www.inaturalist.org/observation_fields/8451
,,interacts with,246,http://purl.obolibrary.org/obo/RO_0002437,Mobbed by,The species this animal was being mobbed by.,246,5879,c12c7638-82e2-4af3-9ff7-ccdaa44ca069,,Mobbed by,,https://www.inaturalist.org/observation_fields/5879
,,interacts with,236,http://purl.obolibrary.org/obo/RO_0002437,Phoresis,,236,11626,28d5c3d7-3ec9-4df1-9859-202bf3901ec1,,Phoresis,"Yes, by mites|Yes, by insects|Yes, by others",https://www.inaturalist.org/observation_fields/4953
,eats,eats,210,http://purl.obolibrary.org/obo/RO_0002470,互動關係->正在吃什麼生物,"species interaction,請填該生物正在吃什麼種類的生物",210,8746,8526a5e1-46c9-4378-9948-974dd7ed85c1,,互動關係->正在吃什麼生物,,https://www.inaturalist.org/observation_fields/8746
,,symbiont of,201,http://purl.obolibrary.org/obo/RO_0002440,Observed Species Association: Symbiosis,,201,6695,46b8365c-ca15-4558-96ee-b52f193a213b,,Observed Species Association: Symbiosis,,https://www.inaturalist.org/observation_fields/6695
,,interacts with,196,http://purl.obolibrary.org/obo/RO_0002437,Kleptoparasite Host,The animal the food is stolen from.,196,3318,1bc71409-fc83-4fbe-a583-8b769a1c07b8,,Kleptoparasite Host,,https://www.inaturalist.org/observation_fields/3318
,,interacts with,190,http://purl.obolibrary.org/obo/RO_0002437,In Tree,What type of tree was the organism in?,190,3848,72fdc360-eecd-4441-9b92-c2de1e02c9e1,,In Tree,,https://www.inaturalist.org/observation_fields/3848
,,interacts with,176,http://purl.obolibrary.org/obo/RO_0002437,Other other species in group,For groups of more than two species,176,947,41c57f26-8636-4801-8a52-8ad1df59d927,,Other other species in group,,https://www.inaturalist.org/observation_fields/947
,,interacts with,148,http://purl.obolibrary.org/obo/RO_0002437,Beaten from,which plant was this beaten from?,148,10585,c1e9a26b-a8e6-4bcf-b08e-14128fa2794a,,Beaten from,,https://www.inaturalist.org/observation_fields/10585
,,flowers visited by,146,http://purl.obolibrary.org/obo/RO_0002623,first nectar or pollen feeding insect,associated insects feeding on nectar or pollen,146,2054,2d86019b-7020-4d65-991c-74e2f31e5a4c,,first nectar or pollen feeding insect,,https://www.inaturalist.org/observation_fields/2054
,visits flowers of,visits flowers of,143,http://purl.obolibrary.org/obo/RO_0002622,互動關係->訪什麼生物的花,,143,9098,fd8f0264-1d45-47f1-b5eb-08b72a9e7431,,互動關係->訪什麼生物的花,,https://www.inaturalist.org/observation_fields/9098
,,preyed on by,143,http://purl.obolibrary.org/obo/RO_0002458,Depredado por:,,143,3456,6d31332d-0edb-46c1-a8eb-2558a2e30a5c,,Depredado por:,,https://www.inaturalist.org/observation_fields/3456
,eats,eats,141,http://purl.obolibrary.org/obo/RO_0002470,Interaction->fungivore of,The observed fungivore species was seen eating this fungus species.,141,8409,40c47ad9-d6ce-4452-a227-e67355b599af,,Interaction->fungivore of,,https://www.inaturalist.org/observation_fields/8409
,,interacts with,134,http://purl.obolibrary.org/obo/RO_0002437,Ant attending,"(for aphids, mainly) : species of ant that was taking care of it",134,4850,e515b650-11b5-4503-9f5c-d653b8528f11,,Ant attending,,https://www.inaturalist.org/observation_fields/4850
,,has parasite,123,http://purl.obolibrary.org/obo/RO_0002445,Associated parasitic / pathogenic organism with names lookup,adding parasitic and pathogenic organisms,123,2049,43421979-1957-4181-acb1-dc77b011243b,,Associated parasitic / pathogenic organism with names lookup,,https://www.inaturalist.org/observation_fields/2049
,,interacts with,118,http://purl.obolibrary.org/obo/RO_0002437,Attacking,,118,3549,8a4d1f96-c3a9-4364-83b1-20b93dccb046,,Attacking,,https://www.inaturalist.org/observation_fields/3549
,eats,eats,117,http://purl.obolibrary.org/obo/RO_0002470,eats,,117,5410,05fe1825-f132-4ddb-a2c3-f9c7c424d1d1,,eats,,https://www.inaturalist.org/observation_fields/5410
,eats,eats,112,http://purl.obolibrary.org/obo/RO_0002470,Food 1:,,112,4994,765a9e28-5866-48ae-8393-71054d848e01,,Food 1:,,https://www.inaturalist.org/observation_fields/4994
,,interacts with,111,http://purl.obolibrary.org/obo/RO_0002437,Gall Species,"Identify the parasitic organism.  If the gall orginisam is identified in an iNaturalist observation please use ""Reference URL""",111,9627,433742fe-2ecf-4f38-b2f4-c95e527607ef,,Gall Species,,https://www.inaturalist.org/observation_fields/9627
,,interacts with,110,http://purl.obolibrary.org/obo/RO_0002437,Observed Species Association: Cohabitation,"Cross-reference to species inhabiting the same 'nest' whether parasitic, mutually beneficial or otherwise.'",110,4955,57656f91-7be1-4c87-8308-7c931d3fa923,,Observed Species Association: Cohabitation,,https://www.inaturalist.org/observation_fields/4955
,,has host,109,http://purl.obolibrary.org/obo/RO_0002454,honey bee food plant,plants delivering food for honey bees,109,1965,ff989f14-4b08-4f76-9493-4a407d5d020e,,honey bee food plant,,https://www.inaturalist.org/observation_fields/1965
,eats,eats,106,http://purl.obolibrary.org/obo/RO_0002470,食草,,106,8567,d8c6a678-2f7b-432d-ac27-a3cbb7e76a68,,食草,,https://www.inaturalist.org/observation_fields/8567
,eats,preys on,104,http://purl.obolibrary.org/obo/RO_0002439,Other Prey Species,,104,3935,2d565702-2713-4866-ba6d-947d1f06fda7,,Other Prey Species,,https://www.inaturalist.org/observation_fields/3935
,,interacts with,89,http://purl.obolibrary.org/obo/RO_0002437,Interaction->Riding On,The observed species was seen riding on this species.,89,5029,e1d49e34-1abf-4e03-8549-03fbdb2236d2,,Interaction->Riding On,,https://www.inaturalist.org/observation_fields/5029
,,mutualistically interacts with,69,http://purl.obolibrary.org/obo/RO_0002442,collecting honeydew on,,69,17118,aef097d4-6e1f-475f-b316-1cfc618e0911,,collecting honeydew on,,https://www.inaturalist.org/observation_fields/17118
,visits flowers of,visits flowers of,65,http://purl.obolibrary.org/obo/RO_0002622,Plant used for nectar,,65,7392,a2f32550-2afb-4b44-98b5-1abd29f1c139,,Plant used for nectar,,https://www.inaturalist.org/observation_fields/7392
,,interacts with,63,http://purl.obolibrary.org/obo/RO_0002437,Epibionts / Epiphytes / Parasites,"Additional organisms living on/in the body of the observed organism. Leave this field blank if none are observed. ""Epi-"" organisms are harmless to their hosts. ""Parasites"" are directly harmful.",63,8450,6fa3f370-f69f-4ebf-9207-9bda7bc70630,,Epibionts / Epiphytes / Parasites,,https://www.inaturalist.org/observation_fields/8450
,,interacts with,54,http://purl.obolibrary.org/obo/RO_0002437,Interacting Animal,Taxon of animal interacting with the specimen,54,10854,7a427f33-64be-4ffc-a8cf-54293b7b438f,,Interacting Animal,,https://www.inaturalist.org/observation_fields/10854
,parasite of,parasite of,51,http://purl.obolibrary.org/obo/RO_0002444,Observed Species Association: Parasitism,Include host species,51,5286,bdc76675-ead9-4cb2-80a5-f9685ccf340d,,Observed Species Association: Parasitism,,https://www.inaturalist.org/observation_fields/5286
,,interacts with,49,http://purl.obolibrary.org/obo/RO_0002437,Shell used,Species of the mollusc,49,5371,ceeae5e4-8cac-420b-9433-ef31ecf1bfe1,,Shell used,,https://www.inaturalist.org/observation_fields/5371
,parasite of,parasite of,45,http://purl.obolibrary.org/obo/RO_0002444,Hospedero,Nombre de la especie en la que se reporta el daño o la plaga,45,834,2bb180c0-09b8-421e-af6f-3bca7a693b21,,Hospedero,,https://www.inaturalist.org/observation_fields/834
,,preyed on by,43,http://purl.obolibrary.org/obo/RO_0002458,Name of predator species,,43,2924,43022adb-07dc-4228-a362-fc6b22984623,,Name of predator species,,https://www.inaturalist.org/observation_fields/2924
,,has parasite,40,http://purl.obolibrary.org/obo/RO_0002445,Parasitado por,Anota la especie o grupo que esta llevando acabo el parasitismo.,40,3550,638e01af-0385-41fb-9199-607083796013,,Parasitado por,,https://www.inaturalist.org/observation_fields/3550
,parasite of,parasite of,34,http://purl.obolibrary.org/obo/RO_0002444,Parasitando a,Describe a la especie que estaba siendo parasitada.,34,3010,c1ba34ac-cf00-43c4-8990-7db392b359bb,,Parasitando a,,https://www.inaturalist.org/observation_fields/3010
,visits flowers of,visits flowers of,31,http://purl.obolibrary.org/obo/RO_0002622,second nectar or pollen feeding insect,2nd insect feeding on nectar or pollen,31,2055,96dc7802-66eb-45d6-9ace-7016ac3ba673,,second nectar or pollen feeding insect,,https://www.inaturalist.org/observation_fields/2055
,,eaten by,28,http://purl.obolibrary.org/obo/RO_0002471,Interaction->fungivory by,The observed fungus was seen being eaten by this fungivore species.,28,8410,a544f2fd-35e9-47d9-b0d7-360768cb7ac6,,Interaction->fungivory by,,https://www.inaturalist.org/observation_fields/8410
,,eaten by,25,http://purl.obolibrary.org/obo/RO_0002471,Interaction->Decomposed by,The observed species was dead and being decomposed by this species.,25,3144,98fb8a91-0bd8-4e95-bc57-78da21a3dd0a,,Interaction->Decomposed by,,https://www.inaturalist.org/observation_fields/3144
,eats,eats,23,http://purl.obolibrary.org/obo/RO_0002470,Observed Species Association: Scavenging,,23,7205,e7d8ebf9-f495-43b9-9e2d-cf4949ca9b61,,Observed Species Association: Scavenging,,https://www.inaturalist.org/observation_fields/7205
,,visits,22,http://purl.obolibrary.org/obo/RO_0002618,Observed Species Association: Roosting (Tree),Include tree species,22,5285,1dd89453-5a49-4382-92f2-04d5e470cebe,,Observed Species Association: Roosting (Tree),,https://www.inaturalist.org/observation_fields/5285
,eats,eats,18,http://purl.obolibrary.org/obo/RO_0002470,Kleptoparasite Forage,The food organism that is being stolen.,18,3319,f94efb6d-88a0-4a1c-b804-264d1b2479e0,,Kleptoparasite Forage,,https://www.inaturalist.org/observation_fields/3319
,,eaten by,17,http://purl.obolibrary.org/obo/RO_0002471,found in gut of,found in gut of,1,9674,8cd9fc88-716d-40b3-b52e-0365bb19d34b,,found in gut of,,https://www.inaturalist.org/observation_fields/9674
,,interacts with,15,http://purl.obolibrary.org/obo/RO_0002437,Is damaged by,Taxon of animal damaging the specimen,15,11078,57613986-a536-4639-ba3a-9a9179c7dbc3,,Is damaged by,,https://www.inaturalist.org/observation_fields/11078
,eats,eats,14,http://purl.obolibrary.org/obo/RO_0002470,Es planta anfitriona de,Nombre de la mariposa o polilla (Lepidoptera) cuyas orugas (larvas) comen de la planta,1,6230,fc0fa3ce-7f53-4830-abe0-e8887fc375fd,,Es planta anfitriona de,,https://www.inaturalist.org/observation_fields/6230
,,vector of,14,http://purl.obolibrary.org/obo/RO_0002459,Interaction->Seed dispersed by,This species was seen moving or defecating seeds of the observed plant.,14,3130,c957d4f6-af1f-4ffd-9d57-1981ae5b82e3,,Interaction->Seed dispersed by,,https://www.inaturalist.org/observation_fields/3130
,,interacts with,13,http://purl.obolibrary.org/obo/RO_0002437,aggressor,instigator of aggression,13,5222,4c4ee69b-381e-417d-a9d2-36221c9771fd,,aggressor,,https://www.inaturalist.org/observation_fields/5222
,,visits,12,http://purl.obolibrary.org/obo/RO_0002618,Vu sur,,12,11463,c37e6321-78c8-4659-853a-f9d4f18e880b,,Vu sur,,https://www.inaturalist.org/observation_fields/11463
,,interacts with,10,http://purl.obolibrary.org/obo/RO_0002437,With epiphyte,Associated species growing as an epiphyte.,10,6477,6959b23f-b95c-4edd-8eea-6bb34f963e7e,,With epiphyte,,https://www.inaturalist.org/observation_fields/6477
,,interacts with,10,http://purl.obolibrary.org/obo/RO_0002437,Observed Species Association: Cohabitation 2,,10,6027,7437adf9-d90e-48e1-8429-b6b4c3c290c2,,Observed Species Association: Cohabitation 2,,https://www.inaturalist.org/observation_fields/6027
,,interacts with,7,http://purl.obolibrary.org/obo/RO_0002437,Interacciones,Muestra la interacción con otra especie en la fotografía,7,2901,2285afae-f613-4306-9ac0-80524dcb0fd9,,Interacciones,,https://www.inaturalist.org/observation_fields/2901
,,interacts with,6,http://purl.obolibrary.org/obo/RO_0002437,associated species alien to NZ,self descriptive,3,2345,bd9f5b40-5e91-40d6-af9c-8a9e4e7933fa,,associated species alien to NZ,,https://www.inaturalist.org/observation_fields/2345
,visits flowers of,visits flowers of,5,http://purl.obolibrary.org/obo/RO_0002622,Observed Species Association: Pollination 3,,5,5102,e992c20a-9bb0-41ff-b1e0-53fc90749294,,Observed Species Association: Pollination 3,,https://www.inaturalist.org/observation_fields/5102
,eats,eats,5,http://purl.obolibrary.org/obo/RO_0002470,Food 2:,,5,4995,9f1c8dc5-2e4e-4f3c-a2af-6e2187cfd3f2,,Food 2:,,https://www.inaturalist.org/observation_fields/4995
,eats,eats,4,http://purl.obolibrary.org/obo/RO_0002470,Maggot Food Source,"What was the food source of the maggot? If it is so rotten that it is indistinguishable from the original organism, make a guess.",4,5241,2c30f23d-b056-40b9-b56c-b3cd951b4370,,Maggot Food Source,,https://www.inaturalist.org/observation_fields/5241
,eats,eats,4,http://purl.obolibrary.org/obo/RO_0002470,Fungivore of,,4,3956,cad20a8b-d305-48b0-a778-5109910253ba,,Fungivore of,,https://www.inaturalist.org/observation_fields/3956
,,flowers visited by,3,http://purl.obolibrary.org/obo/RO_0002623,polinização,espécie de AVE observada visitando as flores,3,11438,4d5782b4-57b5-4401-a971-562af923dc8f,,polinização,,https://www.inaturalist.org/observation_fields/11438
,visits flowers of,visits flowers of,3,http://purl.obolibrary.org/obo/RO_0002622,Observed Species Association: Pollination 5,,3,5104,a5d7d57b-f748-4950-b0b6-cc083eb86ebd,,Observed Species Association: Pollination 5,,https://www.inaturalist.org/observation_fields/5104
,visits flowers of,visits flowers of,3,http://purl.obolibrary.org/obo/RO_0002622,Observed Species Association: Pollination 4,,1,5103,29c32f9d-7d58-417a-bed8-8c302fceda6a,,Observed Species Association: Pollination 4,,https://www.inaturalist.org/observation_fields/5103
,,interacts with,3,http://purl.obolibrary.org/obo/RO_0002437,PLANTAS DEL HUERTO,HORTALIZAS,3,4234,1c9328bf-aa4c-45e8-b49d-f963774af927,,PLANTAS DEL HUERTO,,https://www.inaturalist.org/observation_fields/4234
,eats,eats,3,http://purl.obolibrary.org/obo/RO_0002470,Mariposas que alimenta,Son las especies de mariposa que se alimentan de esta planta.,3,343,9c7d9de8-9298-4acc-a477-04af8c687218,,Mariposas que alimenta,,https://www.inaturalist.org/observation_fields/343
,,visits,1,http://purl.obolibrary.org/obo/RO_0002618,on Dicranopteris linearis,Dicranopteris linearis,1,11255,623ae921-4b23-41d0-a618-b1ec9655ebde,,on Dicranopteris linearis,,https://www.inaturalist.org/observation_fields/11255
,,interacts with,1,http://purl.obolibrary.org/obo/RO_0002437,Observed Species Association: Found upon 3,,1,5107,67b30a5d-927b-400d-8c8b-38c5ec17817d,,Observed Species Association: Found upon 3,,https://www.inaturalist.org/observation_fields/5107
,,interacts with,1,http://purl.obolibrary.org/obo/RO_0002437,Observed Species Association: Found upon 2,,1,5106,aba95285-3989-418b-bf82-9d26ea316472,,Observed Species Association: Found upon 2,,https://www.inaturalist.org/observation_fields/5106
,visits flowers of,visits flowers of,1,http://purl.obolibrary.org/obo/RO_0002622,Observed Species Association: Pollination 6,,1,5105,f5ad438d-1a09-4af6-9124-efef50111db5,,Observed Species Association: Pollination 6,,https://www.inaturalist.org/observation_fields/5105